target_time_seconds,duration_seconds,lane_index,role,strength
2.4033,0.0000,3,music,3.9519
2.8096,0.0000,1,vocals,0.5994
3.0070,0.0000,2,vocals,0.1362
3.1695,0.0000,3,vocals,0.1798
3.5527,0.0000,1,music,4.5416
3.7384,0.0000,2,vocals,0.4596
3.8313,0.0000,0,drums,0.0246
3.9126,0.0000,2,vocals,0.1326
4.0171,0.0000,4,vocals,0.1301
4.1215,0.0000,1,vocals,0.0916
4.2376,0.0000,2,vocals,0.4968
4.5743,0.0000,4,music,2.8820
4.7601,0.0000,1,vocals,0.1051
4.9226,0.0000,0,music,3.6260
5.0968,0.0000,2,vocals,0.1953
5.2709,0.0000,3,vocals,0.1944
5.4567,0.0000,2,vocals,0.7941
5.5263,0.0000,4,drums,0.0399
5.6308,0.0000,0,vocals,0.2366
5.8050,0.0000,2,vocals,1.0447
6.0140,0.0000,4,vocals,1.2965
6.0836,0.0000,1,drums,0.6849
6.1997,0.0000,3,drums,0.2760
6.3158,0.0000,0,drums,0.7868
6.4203,0.0000,4,drums,0.0254
6.5364,0.0000,2,drums,0.7005
6.7686,0.0000,0,drums,0.5609
6.8963,0.0000,4,drums,0.1003
6.9892,0.0000,1,drums,0.8325
7.0937,0.0000,2,vocals,0.1580
7.2214,0.0000,3,drums,0.6706
7.3723,0.0000,1,vocals,0.1179
7.4536,0.0000,0,drums,0.8306
7.5813,0.0000,4,drums,0.3425
7.6858,0.0000,2,drums,0.8546
7.7903,0.0000,4,vocals,0.6749
7.8948,0.0000,0,drums,1.5263
7.9644,0.0000,3,vocals,0.6817
8.0457,0.0000,4,drums,0.1331
8.2547,0.0000,2,vocals,2.2469
8.4056,0.0000,0,vocals,0.6931
8.5101,0.0000,1,drums,0.0288
8.6146,0.0000,2,vocals,1.9412
8.7771,0.0000,3,drums,1.0143
8.8700,0.0000,4,vocals,0.3015
8.9745,0.0000,0,drums,0.0391
9.0442,0.0000,2,vocals,0.2774
9.1487,0.0000,1,vocals,0.7366
9.2764,0.0000,2,vocals,2.4515
9.4157,0.0000,3,vocals,0.6295
9.5202,0.0000,2,vocals,2.1418
9.7524,0.0000,0,vocals,0.9322
9.8685,0.0000,2,vocals,2.3045
9.9962,0.0000,4,vocals,1.1128
10.0891,0.0000,2,vocals,2.4243
10.1820,0.0000,4,drums,1.7388
10.3445,0.0000,1,vocals,0.1362
10.4606,0.0000,2,vocals,0.4616
10.6115,0.0000,4,drums,0.9986
10.7857,0.0000,3,vocals,0.1186
10.9134,0.0000,2,vocals,0.2526
11.0063,0.0000,0,vocals,0.5142
11.1224,0.0000,2,vocals,1.1287
11.2268,0.0000,4,vocals,2.0024
11.3778,0.0000,2,vocals,0.7931
11.5635,0.0000,0,drums,2.6471
11.7145,0.0000,1,vocals,0.2272
11.8306,0.0000,2,vocals,0.7806
11.9467,0.0000,3,vocals,0.6922
12.0628,0.0000,2,vocals,0.8433
12.2253,0.0000,0,vocals,1.4500
12.4459,0.0000,4,drums,1.2506
12.7245,0.0000,2,vocals,0.1121
12.9335,0.0000,1,drums,1.4176
13.0032,0.0000,4,vocals,0.4735
13.0728,0.0000,3,drums,0.1343
13.1889,0.0000,2,vocals,1.2243
13.3283,0.0000,1,vocals,1.8396
13.4327,0.0000,2,vocals,0.8340
13.5721,0.0000,3,vocals,1.5171
13.6649,0.0000,2,vocals,0.8083
13.8507,0.0000,0,drums,2.3312
14.0016,0.0000,4,drums,0.0467
14.1061,0.0000,0,vocals,1.5612
14.2222,0.0000,2,vocals,0.1936
14.3151,0.0000,4,drums,0.8337
14.4660,0.0000,0,drums,0.6003
14.5473,0.0000,4,vocals,0.0969
14.6286,0.0000,1,drums,0.0326
14.7795,0.0000,3,drums,0.9818
14.9537,0.0000,0,drums,0.8471
15.0814,0.0000,2,drums,0.0276
15.2555,0.0000,4,vocals,0.5220
15.3948,0.0000,1,vocals,0.1732
15.5458,0.0000,2,vocals,0.1366
15.6967,0.0000,3,vocals,1.0010
15.8360,0.0000,2,vocals,0.7265
15.9637,0.0000,4,drums,0.0635
16.1146,0.0000,2,drums,0.7853
16.3352,0.0000,0,drums,0.0651
16.4513,0.0000,4,drums,0.0293
16.6023,0.0000,1,drums,2.0185
16.7880,0.0000,0,vocals,0.2329
16.9157,0.0000,2,vocals,0.1132
17.0667,0.0000,4,vocals,0.8571
17.2176,0.0000,2,vocals,0.1636
17.4034,0.0000,1,vocals,0.0905
17.5195,0.0000,2,vocals,2.1381
17.6472,0.0000,3,vocals,1.2871
17.7517,0.0000,0,drums,0.0482
17.9722,0.0000,2,vocals,1.0854
18.1000,0.0000,0,vocals,0.1523
18.1696,0.0000,2,drums,0.0462
18.2857,0.0000,4,vocals,0.1636
18.4599,0.0000,1,vocals,0.9075
18.5876,0.0000,2,vocals,1.0091
18.7385,0.0000,1,vocals,1.6370
18.8894,0.0000,4,drums,2.5667
19.0288,0.0000,2,vocals,0.3122
19.2029,0.0000,3,vocals,1.3681
19.3771,0.0000,2,drums,0.3274
19.4815,0.0000,4,vocals,1.3563
19.5860,0.0000,0,vocals,1.1973
19.7021,0.0000,2,vocals,1.7710
19.7718,0.0000,0,drums,1.3064
19.9111,0.0000,4,vocals,0.0998
20.0620,0.0000,2,vocals,0.8467
20.1549,0.0000,4,drums,0.0447
20.2710,0.0000,1,drums,1.5614
20.4800,0.0000,3,vocals,0.8404
20.6193,0.0000,2,vocals,0.1544
20.7122,0.0000,3,vocals,2.9372
20.8515,0.0000,2,vocals,0.1526
20.9676,0.0000,0,vocals,0.6347
21.0953,0.0000,2,vocals,0.3707
21.1766,0.0000,3,drums,1.9352
21.2927,0.0000,0,drums,0.0676
21.4320,0.0000,4,vocals,1.2752
21.5481,0.0000,2,vocals,0.4394
21.6410,0.0000,4,drums,0.9524
21.8616,0.0000,1,vocals,0.8826
22.1054,0.0000,2,drums,0.8347
22.2912,0.0000,0,drums,0.4853
22.3724,0.0000,2,vocals,0.2671
22.4421,0.0000,4,drums,0.1181
22.5582,0.0000,1,drums,1.5931
22.6743,0.0000,3,drums,0.0310
22.7904,0.0000,0,drums,1.1255
22.9181,0.0000,3,vocals,1.2306
23.0226,0.0000,4,drums,1.0142
23.2432,0.0000,2,drums,0.8609
23.3593,0.0000,4,vocals,0.1224
23.4754,0.0000,0,drums,0.8690
23.7076,0.0000,4,drums,0.6165
23.9282,0.0000,1,drums,2.4993
24.0443,0.0000,3,drums,0.0738
24.1604,0.0000,0,drums,0.8113
24.3926,0.0000,4,drums,1.0145
24.4971,0.0000,0,vocals,0.2623
24.6248,0.0000,2,drums,0.8815
24.7757,0.0000,4,vocals,0.6886
24.8454,0.0000,0,drums,2.5011
25.0776,0.0000,4,drums,0.9828
25.2285,0.0000,1,vocals,0.5330
25.2981,0.0000,3,drums,0.8875
25.4375,0.0000,2,vocals,0.1315
25.5768,0.0000,1,vocals,0.9187
25.6813,0.0000,2,vocals,0.2308
25.7741,0.0000,3,vocals,0.3849
25.8670,0.0000,0,drums,0.6221
25.9947,0.0000,2,drums,1.0315
26.2153,0.0000,4,drums,2.2738
26.3082,0.0000,2,vocals,0.3848
26.4475,0.0000,4,drums,0.9044
26.5752,0.0000,0,vocals,1.5624
26.6797,0.0000,2,drums,1.1559
26.9119,0.0000,4,drums,0.9468
27.1325,0.0000,2,vocals,0.7934
27.2718,0.0000,4,vocals,0.2466
27.3647,0.0000,1,drums,0.4604
27.4344,0.0000,2,vocals,0.2178
27.5969,0.0000,3,drums,1.9838
27.7014,0.0000,0,drums,0.0607
27.8291,0.0000,4,drums,0.5865
27.9684,0.0000,1,vocals,0.0979
28.0613,0.0000,2,drums,1.1217
28.1658,0.0000,0,drums,0.0265
28.2819,0.0000,4,drums,1.2490
28.3980,0.0000,2,vocals,1.6055
28.5141,0.0000,1,drums,1.8078
28.7463,0.0000,3,drums,0.6768
28.9321,0.0000,0,drums,0.7844
29.0017,0.0000,3,vocals,0.2415
29.2107,0.0000,2,vocals,0.7829
29.3616,0.0000,0,vocals,0.1764
29.4313,0.0000,4,drums,1.4243
29.5590,0.0000,2,drums,0.4040
29.6635,0.0000,0,drums,0.9104
29.7796,0.0000,4,drums,0.1598
29.8841,0.0000,1,drums,1.5520
30.0234,0.0000,2,vocals,0.2818
30.1163,0.0000,3,drums,1.2329
30.3485,0.0000,0,drums,0.9875
30.5459,0.0000,4,vocals,3.0815
30.6503,0.0000,2,vocals,0.7896
30.7664,0.0000,4,drums,1.1532
30.9522,0.0000,1,vocals,0.4247
31.0799,0.0000,2,vocals,0.3907
31.2541,0.0000,4,drums,1.8651
31.3934,0.0000,3,vocals,0.3023
31.4863,0.0000,0,drums,1.0241
31.7068,0.0000,2,vocals,1.0694
31.8462,0.0000,0,vocals,0.5309
31.9507,0.0000,2,vocals,1.3025
32.0668,0.0000,4,drums,0.0999
32.1712,0.0000,1,drums,2.3278
32.2990,0.0000,4,vocals,0.2362
32.4034,0.0000,2,vocals,1.5082
32.5428,0.0000,1,vocals,0.6558
32.6356,0.0000,3,drums,1.0971
32.7750,0.0000,2,vocals,0.9281
32.8678,0.0000,0,drums,0.6823
32.9839,0.0000,3,vocals,0.4427
33.0884,0.0000,4,drums,0.6939
33.2161,0.0000,2,drums,0.0227
33.3206,0.0000,4,vocals,1.5972
33.4600,0.0000,0,vocals,0.1655
33.5412,0.0000,2,drums,1.4779
33.7850,0.0000,4,drums,0.8843
34.0056,0.0000,1,drums,0.9021
34.1333,0.0000,2,vocals,0.3138
34.2378,0.0000,3,drums,1.4956
34.4236,0.0000,0,drums,0.8073
34.4932,0.0000,4,vocals,0.6919
34.6210,0.0000,1,drums,0.0694
34.7022,0.0000,2,vocals,1.4338
34.9228,0.0000,4,drums,2.1997
35.1550,0.0000,1,vocals,1.2592
35.3176,0.0000,2,vocals,0.8283
35.3988,0.0000,0,drums,0.2239
35.5265,0.0000,3,vocals,0.1663
35.6194,0.0000,2,vocals,1.4166
35.8400,0.0000,4,drums,2.0682
35.9793,0.0000,0,vocals,0.1336
36.0722,0.0000,1,drums,0.7555
36.2928,0.0000,3,drums,0.7649
36.3741,0.0000,2,vocals,0.1284
36.5366,0.0000,4,vocals,0.1293
36.6411,0.0000,2,vocals,0.7422
36.7572,0.0000,0,drums,1.4718
36.8849,0.0000,4,drums,0.1622
36.9894,0.0000,2,drums,0.6476
37.1055,0.0000,0,drums,0.3637
37.1868,0.0000,1,vocals,0.9052
37.4770,0.0000,4,drums,0.1381
37.5583,0.0000,2,vocals,0.1953
37.7673,0.0000,3,vocals,0.2074
37.9182,0.0000,2,vocals,1.2096
38.1272,0.0000,1,drums,0.6363
38.3826,0.0000,0,vocals,0.8384
38.5916,0.0000,2,vocals,2.0457
38.7309,0.0000,3,drums,0.0963
38.8702,0.0000,4,vocals,0.1867
39.0444,0.0000,0,drums,0.6299
39.1721,0.0000,4,drums,0.0227
39.2417,0.0000,2,vocals,0.0987
39.3114,0.0000,4,drums,0.3004
39.4971,0.0000,1,vocals,0.0978
39.6945,0.0000,2,vocals,0.2558
39.8222,0.0000,0,drums,0.0324
39.9615,0.0000,4,drums,0.8770
40.0544,0.0000,3,vocals,0.1396
40.2402,0.0000,1,drums,0.0802
40.3911,0.0000,2,vocals,0.3189
40.5188,0.0000,3,drums,0.1101
40.6001,0.0000,0,vocals,0.3755
40.7046,0.0000,2,vocals,0.1485
40.8787,0.0000,0,drums,0.6765
41.0413,0.0000,4,vocals,0.0966
41.1341,0.0000,1,drums,0.1655
41.3663,0.0000,2,vocals,0.5075
41.5753,0.0000,1,vocals,0.6268
41.7727,0.0000,2,drums,1.2015
41.9352,0.0000,4,vocals,0.0967
42.0281,0.0000,0,drums,0.0294
42.0978,0.0000,3,vocals,0.1212
42.2603,0.0000,2,vocals,1.0653
42.5041,0.0000,0,vocals,0.4026
42.7131,0.0000,4,drums,0.9766
42.8060,0.0000,2,vocals,0.2873
42.9337,0.0000,4,vocals,0.4131
43.1891,0.0000,1,drums,0.4200
43.2704,0.0000,2,vocals,0.2633
43.4213,0.0000,1,vocals,1.4388
43.6071,0.0000,3,drums,1.0061
43.7928,0.0000,2,vocals,0.3875
43.8857,0.0000,0,drums,0.0265
43.9554,0.0000,3,vocals,0.3434
44.1295,0.0000,2,vocals,0.1410
44.2688,0.0000,0,vocals,1.0788
44.4314,0.0000,2,vocals,0.7982
44.5359,0.0000,4,drums,1.4121
44.7100,0.0000,1,vocals,0.1575
44.8261,0.0000,2,vocals,0.1096
45.0235,0.0000,1,vocals,0.2326
45.1628,0.0000,2,vocals,0.3094
45.2441,0.0000,4,drums,0.7014
45.3254,0.0000,3,vocals,0.1224
45.4531,0.0000,0,drums,0.4856
45.5227,0.0000,2,vocals,0.5150
45.6853,0.0000,0,vocals,0.7410
45.8594,0.0000,2,vocals,0.3163
45.9523,0.0000,4,drums,0.3141
46.1961,0.0000,1,vocals,0.2220
46.2890,0.0000,2,vocals,0.1308
46.3819,0.0000,1,drums,0.5959
46.5328,0.0000,3,vocals,0.1357
46.6257,0.0000,0,drums,0.2064
46.7302,0.0000,2,vocals,0.3862
46.8579,0.0000,3,vocals,0.4428
46.9624,0.0000,2,vocals,0.1563
47.0668,0.0000,0,vocals,0.6616
47.2062,0.0000,2,vocals,0.2757
47.2874,0.0000,0,drums,0.8544
47.3687,0.0000,4,vocals,0.2001
47.4732,0.0000,2,vocals,0.1005
47.5893,0.0000,1,vocals,0.2596
47.7518,0.0000,2,vocals,0.8166
47.8215,0.0000,4,drums,0.0603
47.9144,0.0000,3,vocals,0.1441
48.0305,0.0000,2,vocals,0.7148
48.2046,0.0000,4,drums,0.8038
48.2859,0.0000,0,vocals,0.3603
48.3788,0.0000,2,drums,0.0228
48.4717,0.0000,4,drums,0.3018
48.6574,0.0000,2,vocals,0.2920
48.9128,0.0000,4,vocals,1.1098
49.1102,0.0000,1,drums,0.8411
49.3308,0.0000,2,vocals,0.0895
49.4353,0.0000,1,vocals,0.2271
49.5978,0.0000,3,drums,0.7907
49.6791,0.0000,2,vocals,0.2258
49.8416,0.0000,3,vocals,0.2488
50.0506,0.0000,2,vocals,1.1995
50.2132,0.0000,0,vocals,0.2289
50.3060,0.0000,2,drums,0.2405
50.4454,0.0000,4,vocals,0.1150
50.5963,0.0000,1,vocals,0.1071
50.7008,0.0000,2,vocals,0.2430
50.7937,0.0000,4,drums,0.0534
50.8633,0.0000,1,vocals,0.1855
50.9330,0.0000,2,drums,1.0495
51.0259,0.0000,4,vocals,0.9949
51.1652,0.0000,3,vocals,0.1830
51.2580,0.0000,2,vocals,0.1777
51.3741,0.0000,0,vocals,0.1247
51.5251,0.0000,2,vocals,0.1306
51.6992,0.0000,4,vocals,0.1856
51.7689,0.0000,0,drums,0.0912
51.8618,0.0000,4,drums,0.0444
51.9314,0.0000,2,vocals,0.1931
52.3494,0.0000,1,vocals,2.5893
52.4423,0.0000,2,vocals,0.1120
52.5816,0.0000,3,vocals,1.6743
52.7209,0.0000,1,drums,0.0440
52.8022,0.0000,2,vocals,1.8627
52.9183,0.0000,0,vocals,0.1746
53.0460,0.0000,2,vocals,1.4376
53.1969,0.0000,3,drums,0.1211
53.2666,0.0000,4,vocals,2.3083
53.4059,0.0000,2,vocals,0.3648
53.5104,0.0000,1,vocals,1.0188
53.5917,0.0000,0,drums,0.3993
53.6845,0.0000,4,drums,0.8282
53.8122,0.0000,2,drums,0.0380
53.9400,0.0000,0,drums,0.3055
54.0561,0.0000,2,vocals,0.6899
54.1838,0.0000,3,vocals,0.8065
54.3927,0.0000,4,drums,0.6767
54.5785,0.0000,1,drums,0.8571
54.7527,0.0000,2,vocals,0.2258
54.8571,0.0000,3,drums,0.4325
54.9268,0.0000,0,vocals,0.2110
55.0777,0.0000,2,drums,0.8594
55.1938,0.0000,4,drums,0.0490
55.2983,0.0000,2,vocals,0.4874
55.5189,0.0000,4,vocals,0.6634
55.7743,0.0000,2,drums,0.6976
55.8788,0.0000,4,vocals,0.9230
55.9949,0.0000,0,drums,1.6222
56.2271,0.0000,1,vocals,0.8466
56.4129,0.0000,4,drums,0.8186
56.6102,0.0000,2,vocals,0.3792
56.6915,0.0000,1,drums,0.5068
56.7612,0.0000,3,vocals,0.5571
56.9121,0.0000,2,vocals,0.9563
57.0282,0.0000,3,drums,0.0593
57.1443,0.0000,0,vocals,0.8364
57.3649,0.0000,2,drums,2.0111
57.4926,0.0000,4,drums,0.0181
57.6087,0.0000,2,drums,0.5867
57.8525,0.0000,4,vocals,0.5492
58.0615,0.0000,0,drums,0.8633
58.2821,0.0000,4,vocals,1.0743
58.3982,0.0000,2,vocals,0.1282
58.5259,0.0000,4,drums,0.3228
58.5956,0.0000,1,vocals,0.2520
58.7349,0.0000,3,drums,1.5370
58.8510,0.0000,0,drums,0.0182
58.9787,0.0000,2,drums,0.5561
59.0948,0.0000,4,vocals,0.4451
59.1993,0.0000,1,drums,0.9689
59.3270,0.0000,2,drums,0.0721
59.4315,0.0000,3,vocals,1.4461
59.6521,0.0000,2,vocals,1.4199
59.7682,0.0000,0,vocals,0.1034
59.8843,0.0000,2,drums,0.8039
60.0004,0.0000,4,vocals,0.2018
60.1165,0.0000,1,vocals,0.9790
60.2442,0.0000,2,vocals,0.1954
60.3835,0.0000,1,vocals,0.6280
60.4648,0.0000,4,drums,0.0240
60.5460,0.0000,2,vocals,0.1619
60.7550,0.0000,3,vocals,0.2457
60.8363,0.0000,1,drums,0.0878
61.0337,0.0000,3,drums,1.3489
61.1149,0.0000,2,vocals,0.1299
61.2775,0.0000,0,drums,0.4861
61.3936,0.0000,2,vocals,0.5806
61.4980,0.0000,4,vocals,0.8971
61.7302,0.0000,1,drums,0.7636
61.9392,0.0000,2,drums,0.8686
62.0089,0.0000,4,vocals,0.1397
62.1018,0.0000,2,vocals,0.1091
62.2411,0.0000,1,vocals,0.2321
62.4036,0.0000,0,drums,0.9414
62.6358,0.0000,2,vocals,0.3248
62.8216,0.0000,3,vocals,0.9725
63.1002,0.0000,4,drums,0.9145
63.2279,0.0000,2,vocals,0.6316
63.3208,0.0000,1,drums,2.0319
63.4369,0.0000,3,drums,0.0303
63.5646,0.0000,0,vocals,0.7915
63.7504,0.0000,2,drums,0.6564
63.9361,0.0000,4,vocals,0.1889
64.0174,0.0000,1,drums,0.3124
64.0871,0.0000,4,vocals,0.2566
64.2264,0.0000,2,vocals,1.0418
64.4702,0.0000,1,vocals,0.7109
64.5863,0.0000,2,drums,0.7600
64.6908,0.0000,0,drums,1.5559
64.8417,0.0000,2,vocals,0.0906
64.9346,0.0000,4,drums,0.5798
65.1668,0.0000,3,vocals,0.5182
65.3990,0.0000,2,vocals,1.2334
65.5732,0.0000,1,drums,0.9341
65.7357,0.0000,0,vocals,0.0962
65.8518,0.0000,3,drums,0.4097
65.9563,0.0000,0,drums,0.0343
66.0724,0.0000,4,drums,1.3816
66.1769,0.0000,2,drums,0.0295
66.3046,0.0000,0,drums,0.7785
66.4207,0.0000,2,vocals,0.8580
66.5484,0.0000,4,drums,0.3178
66.7574,0.0000,1,vocals,1.1725
66.9663,0.0000,2,vocals,0.8703
67.1057,0.0000,1,vocals,0.1098
67.2218,0.0000,3,drums,0.5624
67.4191,0.0000,2,vocals,0.9051
67.5352,0.0000,3,vocals,0.3176
67.7094,0.0000,2,vocals,0.5109
67.8835,0.0000,3,drums,1.2847
67.9996,0.0000,0,vocals,0.2127
68.1622,0.0000,2,drums,0.2681
68.2318,0.0000,4,vocals,0.3391
68.3595,0.0000,1,drums,1.6698
68.6034,0.0000,2,drums,0.5927
68.7195,0.0000,4,vocals,0.2978
68.8239,0.0000,0,drums,0.6339
69.0561,0.0000,4,drums,0.5357
69.1722,0.0000,2,vocals,0.1069
69.2767,0.0000,1,drums,0.9063
69.4044,0.0000,3,vocals,0.2043
69.5089,0.0000,0,drums,0.4429
69.7295,0.0000,2,drums,1.8840
69.8572,0.0000,4,vocals,0.2224
69.9966,0.0000,3,vocals,0.6077
70.1591,0.0000,2,vocals,0.8709
70.3449,0.0000,0,vocals,0.1850
70.4261,0.0000,4,drums,0.7498
70.5422,0.0000,2,vocals,0.3915
70.6467,0.0000,4,drums,2.1262
70.8905,0.0000,0,drums,0.6926
71.1111,0.0000,4,drums,0.9007
71.2156,0.0000,1,vocals,0.1661
71.3549,0.0000,3,drums,0.2951
71.5639,0.0000,2,vocals,1.1266
71.6568,0.0000,3,drums,0.0536
71.8077,0.0000,0,drums,0.8631
72.0167,0.0000,4,drums,1.2965
72.2605,0.0000,2,drums,0.4747
72.5159,0.0000,1,vocals,0.3320
72.6088,0.0000,2,vocals,0.1148
72.7249,0.0000,3,vocals,1.0476
72.9107,0.0000,0,drums,0.5737
73.0732,0.0000,2,vocals,0.1116
73.1777,0.0000,4,drums,0.3659
73.2473,0.0000,0,vocals,0.2773
73.3983,0.0000,1,drums,1.7260
73.5376,0.0000,3,drums,0.0611
73.6305,0.0000,2,vocals,0.4008
73.7466,0.0000,4,vocals,0.3075
73.8743,0.0000,2,vocals,0.3972
74.0833,0.0000,1,vocals,0.7713
74.1994,0.0000,0,drums,0.0350
74.3155,0.0000,4,drums,1.5929
74.4432,0.0000,2,vocals,0.1408
74.5477,0.0000,4,drums,0.6504
74.7334,0.0000,3,vocals,1.0006
74.9308,0.0000,0,drums,0.0428
75.0005,0.0000,2,vocals,0.2454
75.0933,0.0000,4,drums,0.0559
75.2327,0.0000,0,vocals,0.4926
75.3371,0.0000,2,vocals,0.1899
75.4649,0.0000,4,vocals,0.9197
75.6854,0.0000,1,drums,1.4968
75.8015,0.0000,2,vocals,0.1152
75.9293,0.0000,3,drums,0.4958
76.0454,0.0000,1,vocals,0.3715
76.1615,0.0000,2,vocals,0.4548
76.3820,0.0000,0,drums,0.3885
76.6026,0.0000,4,drums,1.1100
76.7071,0.0000,2,drums,0.0281
76.8464,0.0000,0,drums,0.2910
76.9509,0.0000,4,drums,0.0377
77.0554,0.0000,1,drums,1.3915
77.1715,0.0000,3,vocals,0.2927
77.3108,0.0000,2,vocals,1.0116
77.5082,0.0000,0,vocals,0.5745
77.7520,0.0000,3,drums,0.6116
77.8681,0.0000,2,vocals,0.2826
77.9726,0.0000,0,drums,2.1333
78.0887,0.0000,4,drums,0.0191
78.2164,0.0000,1,vocals,0.5319
78.4370,0.0000,2,drums,1.0523
78.5763,0.0000,4,vocals,0.2585
78.6808,0.0000,0,drums,0.3460
78.7737,0.0000,4,drums,0.0557
78.9014,0.0000,1,vocals,1.0645
79.1336,0.0000,3,drums,1.0088
79.2497,0.0000,2,vocals,0.4981
79.3542,0.0000,3,drums,1.5769
79.5864,0.0000,0,drums,0.5688
79.8418,0.0000,3,vocals,0.5122
80.0508,0.0000,2,vocals,1.2146
80.2598,0.0000,4,drums,0.8967
80.5036,0.0000,2,drums,0.4290
80.5849,0.0000,0,vocals,0.5999
80.7242,0.0000,2,drums,2.3991
80.8635,0.0000,4,vocals,0.3241
80.9680,0.0000,1,drums,0.6355
81.0609,0.0000,4,vocals,0.4760
81.2002,0.0000,2,vocals,0.2966
81.4092,0.0000,1,vocals,0.5115
81.6298,0.0000,2,vocals,1.8212
81.7807,0.0000,1,drums,0.1090
81.8852,0.0000,3,vocals,0.5425
82.0825,0.0000,2,vocals,0.7144
82.1986,0.0000,3,drums,0.0336
82.2683,0.0000,0,vocals,0.1214
82.3844,0.0000,2,vocals,0.3699
82.4889,0.0000,4,vocals,0.1710
82.5818,0.0000,2,vocals,0.1954
82.6630,0.0000,0,drums,0.2617
82.7443,0.0000,1,vocals,0.7843
82.8952,0.0000,2,vocals,0.5597
82.9997,0.0000,3,vocals,0.4043
83.1739,0.0000,2,vocals,0.1114
83.3016,0.0000,0,vocals,0.2872
83.4873,0.0000,2,vocals,0.4077
83.8937,0.0000,4,vocals,1.1616
84.1839,0.0000,2,vocals,0.5297
84.3117,0.0000,4,drums,0.0279
84.3929,0.0000,1,vocals,0.7901
84.5439,0.0000,2,drums,0.0788
84.6367,0.0000,4,vocals,0.5244
84.8457,0.0000,3,vocals,0.8907
85.1127,0.0000,2,vocals,0.1608
85.2056,0.0000,0,vocals,0.1366
85.2985,0.0000,2,vocals,0.2824
85.4378,0.0000,4,vocals,1.3479
85.5888,0.0000,2,vocals,0.2251
85.7397,0.0000,1,vocals,1.0112
85.8210,0.0000,0,drums,0.0187
86.0067,0.0000,2,vocals,0.4466
86.2505,0.0000,3,vocals,0.5711
86.4595,0.0000,2,vocals,0.5331
86.6801,0.0000,0,vocals,0.3835
87.0052,0.0000,2,vocals,0.2333
87.1445,0.0000,4,vocals,1.3567
87.3999,0.0000,2,vocals,0.1179
87.5741,0.0000,1,vocals,0.4185
87.7482,0.0000,4,drums,0.1186
87.8527,0.0000,2,vocals,0.3669
87.9804,0.0000,1,drums,0.0323
88.0501,0.0000,3,vocals,0.9427
88.2126,0.0000,0,drums,0.0178
88.2939,0.0000,2,vocals,0.2630
88.3751,0.0000,0,drums,0.2232
88.5145,0.0000,2,vocals,0.3337
88.6306,0.0000,4,vocals,0.0928
88.7467,0.0000,1,drums,0.0707
88.9440,0.0000,4,vocals,0.4211
89.0485,0.0000,2,drums,0.0270
89.2807,0.0000,4,vocals,1.2994
89.4200,0.0000,0,drums,1.7761
89.5710,0.0000,4,drums,1.5477
89.7219,0.0000,1,vocals,0.8199
89.8496,0.0000,2,vocals,2.2934
90.0586,0.0000,1,drums,1.4534
90.2095,0.0000,3,vocals,0.3262
90.3488,0.0000,0,drums,0.4464
90.4766,0.0000,2,vocals,0.1433
90.5810,0.0000,0,drums,0.1119
90.6855,0.0000,4,drums,0.0398
90.7900,0.0000,0,vocals,0.7224
91.0338,0.0000,2,drums,0.3686
91.1499,0.0000,0,drums,0.0788
91.2660,0.0000,2,vocals,1.8394
91.3937,0.0000,4,vocals,0.1057
91.5795,0.0000,2,vocals,0.2488
91.6956,0.0000,1,vocals,1.2441
91.9162,0.0000,2,vocals,0.5862
92.1832,0.0000,3,vocals,0.6062
92.3109,0.0000,4,drums,0.1859
92.4270,0.0000,1,drums,0.2943
92.5315,0.0000,3,drums,0.6084
92.6244,0.0000,2,vocals,1.3453
92.7637,0.0000,0,vocals,0.5086
92.9727,0.0000,2,vocals,0.3766
93.1004,0.0000,0,drums,1.0088
93.3094,0.0000,4,vocals,0.1994
93.4951,0.0000,2,vocals,0.3807
93.5996,0.0000,1,vocals,0.4320
93.7622,0.0000,2,vocals,0.1767
93.9828,0.0000,3,vocals,1.1800
94.1453,0.0000,2,vocals,0.1010
94.2498,0.0000,4,drums,0.3449
94.3311,0.0000,0,vocals,0.3225
94.4820,0.0000,2,vocals,0.4800
94.7026,0.0000,4,drums,0.7499
94.8883,0.0000,1,vocals,0.9305
94.9928,0.0000,2,vocals,0.1031
95.2134,0.0000,1,vocals,0.2303
95.3876,0.0000,0,drums,0.3668
95.4805,0.0000,2,vocals,0.5859
95.6198,0.0000,4,drums,0.2945
95.6894,0.0000,3,vocals,0.1545
95.7939,0.0000,2,vocals,1.1876
96.0842,0.0000,0,vocals,0.3979
96.1887,0.0000,1,drums,0.0225
96.3048,0.0000,3,drums,0.6251
96.4441,0.0000,0,drums,0.0275
96.5137,0.0000,2,vocals,0.3961
96.7576,0.0000,4,drums,1.9154
96.9085,0.0000,2,drums,0.6408
96.9898,0.0000,4,vocals,1.0550
97.0826,0.0000,0,drums,0.2643
97.2220,0.0000,2,vocals,0.8193
97.3961,0.0000,4,drums,0.6514
97.5238,0.0000,1,vocals,0.4889
97.6747,0.0000,3,drums,1.4326
97.9069,0.0000,0,drums,0.5157
98.1159,0.0000,2,vocals,2.1572
98.3597,0.0000,0,drums,1.1119
98.5107,0.0000,3,vocals,1.3912
98.5919,0.0000,4,drums,0.7834
98.7080,0.0000,2,drums,0.0516
98.8241,0.0000,0,drums,0.4312
99.0447,0.0000,4,drums,2.1370
99.2769,0.0000,1,drums,0.9518
99.3698,0.0000,2,vocals,0.1410
99.4975,0.0000,0,vocals,0.9975
99.6020,0.0000,2,vocals,0.1111
99.7297,0.0000,3,drums,0.6411
99.9619,0.0000,0,drums,1.7837
100.1941,0.0000,4,vocals,1.9580
100.4147,0.0000,1,drums,0.6383
100.5540,0.0000,2,drums,0.0693
100.6585,0.0000,4,vocals,0.2649
100.8791,0.0000,1,vocals,0.5385
101.1113,0.0000,0,drums,1.1504
101.3319,0.0000,4,drums,1.2420
101.5757,0.0000,2,vocals,0.3900
101.7963,0.0000,1,drums,0.7210
102.0285,0.0000,3,vocals,1.3086
102.1446,0.0000,2,vocals,0.1137
102.2142,0.0000,3,drums,1.0004
102.3652,0.0000,0,vocals,0.1207
102.4813,0.0000,2,vocals,0.2620
102.5974,0.0000,0,drums,0.0804
102.7135,0.0000,4,drums,1.4192
102.8296,0.0000,2,drums,0.0290
102.9457,0.0000,4,vocals,0.6456
103.1430,0.0000,2,vocals,0.9381
103.3056,0.0000,1,vocals,0.1096
103.3985,0.0000,2,vocals,1.3616
103.6190,0.0000,0,drums,1.6330
103.7235,0.0000,3,vocals,0.1896
103.8629,0.0000,2,vocals,0.9567
104.0486,0.0000,0,vocals,0.8624
104.2112,0.0000,4,drums,0.0237
104.3156,0.0000,2,vocals,1.2378
104.4434,0.0000,1,drums,0.0324
104.5246,0.0000,4,vocals,1.1227
104.7684,0.0000,3,drums,0.6081
105.0006,0.0000,0,drums,1.5039
105.1167,0.0000,2,vocals,0.3547
105.2212,0.0000,1,vocals,1.9535
105.3373,0.0000,4,drums,0.0975
105.4650,0.0000,2,vocals,1.8180
105.6856,0.0000,3,vocals,1.2281
105.9178,0.0000,2,drums,0.9764
106.0223,0.0000,4,vocals,0.2249
106.1500,0.0000,0,vocals,1.0107
106.2777,0.0000,2,vocals,0.0925
106.3706,0.0000,0,drums,1.6397
106.4867,0.0000,4,drums,0.1468
106.6028,0.0000,1,vocals,0.9677
106.8350,0.0000,2,vocals,2.4834
107.0672,0.0000,1,vocals,0.9206
107.1717,0.0000,3,drums,0.0356
107.2878,0.0000,0,drums,1.9893
107.3923,0.0000,2,vocals,0.1464
107.5200,0.0000,0,drums,1.0976
107.7406,0.0000,4,drums,0.9247
107.8915,0.0000,2,drums,0.1226
107.9612,0.0000,3,vocals,1.1551
108.0308,0.0000,0,drums,0.0448
108.2050,0.0000,2,vocals,1.6488
108.3211,0.0000,4,drums,0.0209
108.4372,0.0000,0,vocals,0.9581
108.6578,0.0000,1,drums,1.9724
108.7623,0.0000,2,vocals,0.2076
108.8784,0.0000,4,vocals,1.4743
109.0061,0.0000,3,drums,0.0902
109.1222,0.0000,2,vocals,2.5210
109.3544,0.0000,1,vocals,1.9294
109.4473,0.0000,2,vocals,0.4630
109.5401,0.0000,0,drums,0.8514
109.7027,0.0000,4,drums,0.0203
109.7839,0.0000,3,vocals,0.8261
109.9117,0.0000,2,vocals,0.5049
110.0394,0.0000,0,vocals,2.2381
110.1555,0.0000,2,vocals,0.0916
110.2716,0.0000,4,vocals,0.7723
110.3761,0.0000,2,vocals,0.4116
110.4922,0.0000,1,vocals,2.0091
110.6083,0.0000,2,vocals,0.1178
110.7244,0.0000,3,vocals,0.9237
110.9566,0.0000,2,vocals,2.0647
111.0494,0.0000,0,vocals,0.1659
111.1888,0.0000,2,vocals,0.9257
111.4093,0.0000,4,drums,0.9140
111.5138,0.0000,1,vocals,0.4914
111.6299,0.0000,2,vocals,0.4130
111.7693,0.0000,1,vocals,0.3429
111.8737,0.0000,0,drums,1.5196
112.1059,0.0000,4,drums,0.7735
112.1756,0.0000,2,vocals,0.2696
112.3265,0.0000,1,drums,1.4486
112.3962,0.0000,3,vocals,0.1847
112.5007,0.0000,2,vocals,0.0989
112.5936,0.0000,3,drums,0.1897
112.6864,0.0000,0,drums,0.0438
112.8954,0.0000,4,drums,0.0706
113.0347,0.0000,0,vocals,1.3467
113.1392,0.0000,2,drums,0.0781
113.2321,0.0000,0,drums,0.5652
113.4991,0.0000,2,vocals,0.7708
113.6036,0.0000,4,drums,0.0423
113.7081,0.0000,1,vocals,0.9491
113.8242,0.0000,2,vocals,0.1508
114.0332,0.0000,1,vocals,0.2277
114.1609,0.0000,3,drums,0.9001
114.3002,0.0000,0,drums,0.0418
114.4163,0.0000,2,drums,0.2710
114.5440,0.0000,4,vocals,0.1267
114.6601,0.0000,1,drums,0.0783
114.7995,0.0000,3,vocals,0.2745
114.8691,0.0000,2,drums,0.0587
114.9504,0.0000,4,vocals,0.2517
115.0665,0.0000,0,drums,0.8312
115.1942,0.0000,2,vocals,0.1667
115.2639,0.0000,4,drums,0.0626
115.3567,0.0000,2,vocals,0.1694
115.4844,0.0000,1,drums,0.0525
115.5657,0.0000,4,vocals,0.3169
115.6934,0.0000,2,vocals,0.1559
115.8095,0.0000,1,vocals,0.4713
115.9953,0.0000,3,drums,1.1516
116.1114,0.0000,0,drums,0.0219
116.3088,0.0000,2,vocals,0.1909
116.4713,0.0000,3,vocals,0.4347
116.6803,0.0000,2,vocals,1.0947
116.8893,0.0000,4,drums,0.8614
117.0866,0.0000,2,drums,0.0692
117.2376,0.0000,0,vocals,0.1825
117.3885,0.0000,2,drums,0.8200
117.5046,0.0000,4,vocals,0.1967
117.6323,0.0000,1,vocals,0.7279
117.8180,0.0000,4,drums,1.0172
117.9225,0.0000,2,vocals,0.2634
118.1315,0.0000,1,vocals,0.3830
118.2476,0.0000,2,vocals,0.2507
118.3869,0.0000,3,vocals,0.1486
118.5030,0.0000,2,vocals,0.6067
118.6424,0.0000,0,vocals,0.2533
118.7236,0.0000,1,drums,0.7796
118.8746,0.0000,3,drums,0.0694
118.9558,0.0000,2,vocals,0.2296
119.1184,0.0000,4,vocals,0.1602
119.2461,0.0000,2,vocals,0.6666
119.3622,0.0000,1,vocals,0.1619
119.4783,0.0000,2,vocals,0.5726
119.5479,0.0000,0,drums,0.1137
119.6524,0.0000,4,drums,1.1226
119.7917,0.0000,3,vocals,0.2156
119.9311,0.0000,2,drums,0.1829
120.0820,0.0000,4,vocals,0.3211
120.2097,0.0000,0,vocals,0.1211
120.3374,0.0000,2,vocals,0.6297
120.4419,0.0000,4,vocals,0.1371
120.5696,0.0000,0,drums,1.1529
120.7322,0.0000,4,drums,0.0464
120.8483,0.0000,2,vocals,0.4932
121.0572,0.0000,1,vocals,0.6954
121.2082,0.0000,2,vocals,0.2323
121.3823,0.0000,3,vocals,0.3205
121.4868,0.0000,1,drums,0.9425
121.6493,0.0000,2,vocals,0.2594
121.7538,0.0000,0,vocals,0.2175
121.9396,0.0000,2,vocals,0.3609
122.1021,0.0000,4,vocals,0.2765
122.2647,0.0000,2,vocals,0.2417
122.4040,0.0000,3,drums,0.8241
122.5781,0.0000,1,vocals,0.1875
122.7871,0.0000,2,vocals,0.3542
122.8800,0.0000,3,vocals,0.1758
123.1006,0.0000,2,vocals,0.7586
123.3328,0.0000,0,drums,0.6707
123.4837,0.0000,2,vocals,0.1067
123.5882,0.0000,4,drums,0.3224
123.7972,0.0000,2,vocals,0.3473
124.0294,0.0000,4,vocals,0.7830
124.2384,0.0000,2,drums,1.4249
124.3545,0.0000,0,drums,0.0411
124.5634,0.0000,2,vocals,0.2238
124.7028,0.0000,4,drums,0.8616
124.8769,0.0000,1,drums,0.0436
124.9930,0.0000,3,vocals,0.8019
125.1556,0.0000,0,drums,1.2056
125.3065,0.0000,2,drums,0.0883
125.4226,0.0000,4,drums,0.2588
125.5967,0.0000,2,drums,0.0243
125.7477,0.0000,4,vocals,0.1540
125.8870,0.0000,3,vocals,0.1756
126.0727,0.0000,0,drums,0.9232
126.1656,0.0000,2,vocals,0.6261
126.2817,0.0000,0,vocals,0.2087
126.3978,0.0000,2,vocals,0.0958
126.5023,0.0000,4,vocals,0.1310
126.6881,0.0000,2,vocals,0.1503
126.8854,0.0000,1,vocals,0.2184
127.0364,0.0000,2,vocals,0.1972
127.3266,0.0000,3,vocals,0.1482
127.4543,0.0000,2,vocals,2.3457
127.5588,0.0000,0,vocals,0.3002
127.6749,0.0000,2,vocals,2.2165
127.9303,0.0000,4,vocals,1.7346
128.0232,0.0000,2,vocals,0.2007
128.1509,0.0000,1,vocals,1.5948
128.3019,0.0000,4,drums,0.1814
128.3831,0.0000,2,vocals,2.0715
128.4760,0.0000,1,drums,0.0368
128.6153,0.0000,3,vocals,1.6082
128.6966,0.0000,0,drums,0.1694
128.8011,0.0000,2,drums,1.2734
128.8824,0.0000,4,vocals,0.2383
128.9520,0.0000,1,drums,0.0593
129.0565,0.0000,2,drums,0.1110
129.1726,0.0000,0,vocals,0.4450
129.2887,0.0000,2,vocals,0.7153
129.3932,0.0000,0,drums,0.0454
129.5093,0.0000,4,vocals,0.7651
129.7299,0.0000,1,drums,0.8510
129.8808,0.0000,2,vocals,0.2946
130.0317,0.0000,1,vocals,0.1888
130.1827,0.0000,2,vocals,1.0690
130.3220,0.0000,1,drums,0.0250
130.4149,0.0000,3,vocals,0.6548
130.5658,0.0000,0,drums,0.0525
130.6355,0.0000,2,vocals,0.7415
130.8793,0.0000,0,drums,0.6805
130.9954,0.0000,2,vocals,0.7293
131.0999,0.0000,4,drums,1.7074
131.3437,0.0000,2,vocals,0.9437
131.5294,0.0000,4,drums,0.7771
131.7036,0.0000,1,vocals,0.2943
131.8081,0.0000,0,drums,0.4730
132.0171,0.0000,2,vocals,1.2094
132.1564,0.0000,4,drums,0.0320
132.2609,0.0000,1,vocals,0.8672
132.4815,0.0000,3,drums,1.8918
132.6440,0.0000,2,vocals,0.1109
132.7253,0.0000,3,drums,0.5925
132.9691,0.0000,0,vocals,0.4063
133.1780,0.0000,2,vocals,1.0297
133.3638,0.0000,0,drums,0.9437
133.5031,0.0000,2,vocals,0.0938
133.6308,0.0000,4,drums,0.3509
133.8398,0.0000,2,vocals,1.6863
133.9907,0.0000,4,drums,0.0304
134.0952,0.0000,1,vocals,0.2943
134.2113,0.0000,0,drums,0.3306
134.3274,0.0000,2,vocals,0.5261
134.4435,0.0000,4,drums,0.0595
134.5480,0.0000,1,vocals,1.4131
134.7686,0.0000,3,drums,1.9347
134.8847,0.0000,2,vocals,0.1585
135.0008,0.0000,3,vocals,1.1461
135.1982,0.0000,2,vocals,1.1310
135.3839,0.0000,0,vocals,0.1469
135.5000,0.0000,2,vocals,0.8405
135.6510,0.0000,4,vocals,0.4642
135.7787,0.0000,2,vocals,0.1448
135.9180,0.0000,1,vocals,0.1890
136.0805,0.0000,2,vocals,0.4903
136.1502,0.0000,3,drums,0.9131
136.3824,0.0000,0,drums,0.7116
136.5101,0.0000,3,vocals,0.4449
136.6146,0.0000,2,vocals,0.8528
136.7191,0.0000,4,drums,0.0274
136.8468,0.0000,0,vocals,0.5361
137.0558,0.0000,2,drums,0.8185
137.2183,0.0000,4,vocals,0.2258
137.2996,0.0000,0,drums,0.2755
137.3809,0.0000,4,vocals,0.1163
137.5202,0.0000,1,drums,1.2533
137.7640,0.0000,2,vocals,0.3464
137.9265,0.0000,1,vocals,0.9279
138.0078,0.0000,3,drums,0.4256
138.2168,0.0000,0,drums,0.7652
138.3329,0.0000,2,vocals,0.6714
138.4374,0.0000,0,drums,1.5487
138.5419,0.0000,4,drums,0.0315
138.6812,0.0000,3,vocals,0.7663
138.8553,0.0000,2,vocals,0.7852
139.0643,0.0000,0,vocals,0.1378
139.1340,0.0000,2,drums,0.4427
139.2036,0.0000,4,vocals,0.2933
139.3313,0.0000,1,vocals,1.0913
139.5868,0.0000,0,drums,0.7390
139.7029,0.0000,2,vocals,0.4837
139.8073,0.0000,4,drums,1.6618
140.0512,0.0000,1,drums,0.5712
140.1440,0.0000,3,vocals,0.1348
140.2834,0.0000,2,vocals,0.3944
140.5156,0.0000,3,vocals,1.2907
140.6897,0.0000,2,vocals,0.9351
140.9683,0.0000,3,drums,0.4034
141.0728,0.0000,0,vocals,0.2808
141.1773,0.0000,2,drums,1.7882
141.4211,0.0000,4,vocals,1.4395
141.5140,0.0000,1,vocals,0.5999
141.6649,0.0000,4,drums,0.2053
141.8739,0.0000,2,vocals,1.0732
142.0945,0.0000,4,drums,1.9921
142.2106,0.0000,1,vocals,0.1120
142.3383,0.0000,2,vocals,0.8360
142.5241,0.0000,3,vocals,1.0096
142.6402,0.0000,2,vocals,0.1642
142.8259,0.0000,0,vocals,0.3656
142.9537,0.0000,2,drums,0.0580
143.1046,0.0000,4,vocals,0.1707
143.2787,0.0000,1,drums,0.4842
143.3484,0.0000,4,vocals,0.9096
143.4529,0.0000,2,vocals,0.8271
143.7199,0.0000,1,drums,0.0584
144.1959,0.0000,3,drums,0.0252
144.2888,0.0000,0,drums,0.0464
144.3933,0.0000,4,drums,0.2669
144.5442,0.0000,2,drums,0.1896
144.7068,0.0000,0,drums,0.1728
144.8461,0.0000,4,drums,0.1317
144.9738,0.0000,1,vocals,0.2854
145.2176,0.0000,2,vocals,0.4233
145.3105,0.0000,3,vocals,0.6269
145.4614,0.0000,2,vocals,0.1557
145.6472,0.0000,0,vocals,0.3458
145.7749,0.0000,2,vocals,0.1497
145.9142,0.0000,4,vocals,0.1143
146.0187,0.0000,2,vocals,0.5469
146.1232,0.0000,1,vocals,0.1040
146.2277,0.0000,2,vocals,0.6492
146.3786,0.0000,3,vocals,0.1360
146.5527,0.0000,1,drums,0.0232
146.6224,0.0000,2,vocals,0.1366
146.8082,0.0000,0,vocals,0.1219
146.9359,0.0000,2,vocals,0.1746
147.1216,0.0000,4,vocals,0.4538
147.3422,0.0000,2,vocals,0.2186
147.5512,0.0000,1,vocals,0.9527
147.6905,0.0000,2,vocals,0.2171
147.8647,0.0000,3,vocals,0.0977
148.0504,0.0000,2,vocals,1.0545
148.1781,0.0000,0,vocals,0.1187
148.4220,0.0000,2,vocals,0.2607
148.5497,0.0000,4,vocals,0.3603
148.8167,0.0000,2,vocals,0.6427
148.9792,0.0000,1,vocals,0.6872
149.1418,0.0000,2,vocals,0.1545
149.3507,0.0000,3,vocals,0.9485
149.4785,0.0000,2,vocals,0.2742
149.5713,0.0000,0,vocals,0.1736
149.7223,0.0000,2,vocals,0.2920
149.8500,0.0000,4,vocals,0.1187
149.9312,0.0000,3,drums,0.0235
150.0706,0.0000,2,vocals,0.1281
150.1867,0.0000,1,vocals,0.1629
150.2912,0.0000,2,vocals,0.1338
150.4305,0.0000,3,vocals,0.5300
150.5001,0.0000,0,drums,0.0523
150.7091,0.0000,2,vocals,0.1930
150.8368,0.0000,0,vocals,0.1433
150.9413,0.0000,2,vocals,0.2769
151.1039,0.0000,4,vocals,0.2594
151.2780,0.0000,2,vocals,0.3918
151.5915,0.0000,1,vocals,0.1177
151.7308,0.0000,2,vocals,0.2040
151.9630,0.0000,3,vocals,0.1125
152.2649,0.0000,2,vocals,0.1484
152.3577,0.0000,0,vocals,0.1269
152.4622,0.0000,2,vocals,0.2169
152.5435,0.0000,4,drums,0.4135
152.6828,0.0000,1,vocals,0.5480
152.7989,0.0000,2,vocals,0.2584
152.9498,0.0000,1,vocals,0.2072
153.1588,0.0000,2,vocals,0.1550
153.2633,0.0000,3,vocals,0.1279
153.4026,0.0000,2,vocals,0.2019
153.5536,0.0000,0,vocals,0.1515
153.6464,0.0000,2,vocals,0.2446
153.8554,0.0000,4,vocals,0.1324
154.0063,0.0000,2,vocals,0.1237
154.2502,0.0000,4,drums,0.0403
154.4707,0.0000,1,vocals,0.2954
154.5636,0.0000,2,vocals,0.1608
154.6913,0.0000,3,vocals,0.1662
154.8887,0.0000,0,drums,0.0181
155.0512,0.0000,2,vocals,0.1044
155.3067,0.0000,0,vocals,0.1828
155.4228,0.0000,2,vocals,0.0938
155.5273,0.0000,4,vocals,0.2022
155.7246,0.0000,2,vocals,0.9788
155.8059,0.0000,4,drums,0.0261
155.9104,0.0000,1,vocals,0.3961
156.0613,0.0000,2,vocals,0.3645
156.2122,0.0000,1,drums,0.3641
156.2819,0.0000,3,vocals,0.5926
156.4444,0.0000,2,vocals,0.2227
156.6534,0.0000,0,vocals,0.3349
156.9088,0.0000,3,drums,0.0218
157.0017,0.0000,2,vocals,0.8772
157.2804,0.0000,4,vocals,0.2087
157.4197,0.0000,2,vocals,0.4368
157.5590,0.0000,1,vocals,0.8907
157.6635,0.0000,2,vocals,0.1775
157.8493,0.0000,3,vocals,0.2427
157.9537,0.0000,0,drums,0.0197
158.1279,0.0000,2,vocals,0.2426
158.2788,0.0000,0,vocals,0.1421
158.4414,0.0000,2,vocals,0.1461
158.6271,0.0000,4,vocals,0.0899
158.7084,0.0000,1,drums,0.0278
158.8245,0.0000,2,vocals,0.3717
159.0102,0.0000,1,vocals,0.7837
159.1728,0.0000,2,drums,0.3913
159.2889,0.0000,4,vocals,0.3514
159.4050,0.0000,0,drums,0.5396
159.5095,0.0000,4,drums,0.5067
159.6256,0.0000,3,vocals,0.4448
159.7417,0.0000,1,drums,0.4876
159.8578,0.0000,3,drums,0.5455
159.9623,0.0000,0,drums,0.9400
160.1596,0.0000,2,vocals,0.2076
160.4267,0.0000,4,drums,0.3502
160.5428,0.0000,0,vocals,0.0910
160.6356,0.0000,2,vocals,0.2438
160.7169,0.0000,4,drums,0.0437
160.7866,0.0000,1,vocals,0.0986
160.8795,0.0000,0,drums,0.9259
161.0072,0.0000,2,vocals,0.1010
161.1581,0.0000,1,vocals,0.3203
161.3439,0.0000,4,drums,0.5582
161.4367,0.0000,2,vocals,0.1609
161.5644,0.0000,3,vocals,0.1777
161.6805,0.0000,2,vocals,0.1683
161.7966,0.0000,1,drums,1.2831
161.9127,0.0000,3,drums,0.1119
161.9824,0.0000,0,vocals,0.1232
162.0637,0.0000,2,drums,0.0765
162.1566,0.0000,4,vocals,0.2004
162.2494,0.0000,1,drums,0.7735
162.3888,0.0000,4,vocals,0.1454
162.4816,0.0000,2,drums,0.1705
162.5629,0.0000,4,vocals,0.1341
162.6906,0.0000,0,drums,1.2318
162.8183,0.0000,1,vocals,0.1075
162.9576,0.0000,2,vocals,0.2768
163.0737,0.0000,3,vocals,0.1115
163.1666,0.0000,4,drums,0.6719
163.3059,0.0000,2,vocals,0.3416
163.4801,0.0000,0,vocals,0.2317
163.6078,0.0000,1,drums,1.0054
163.6891,0.0000,2,vocals,0.3845
163.7587,0.0000,3,drums,0.0711
163.8284,0.0000,4,vocals,0.2564
163.9793,0.0000,2,vocals,0.4671
164.0838,0.0000,0,drums,0.7877
164.2463,0.0000,1,vocals,0.2669
164.4089,0.0000,2,vocals,0.2824
164.5366,0.0000,4,drums,1.0678
164.6759,0.0000,2,drums,0.0982
164.8036,0.0000,3,vocals,0.1623
164.9081,0.0000,0,drums,0.0467
165.0010,0.0000,4,drums,0.5881
165.1751,0.0000,2,vocals,0.1538
165.3377,0.0000,1,drums,0.0305
165.4538,0.0000,3,drums,1.5762
165.5815,0.0000,0,drums,0.0357
165.6744,0.0000,2,vocals,0.2110
165.9182,0.0000,4,drums,0.3421
166.0691,0.0000,2,vocals,0.0971
166.2200,0.0000,4,drums,0.0216
166.3594,0.0000,0,drums,1.3092
166.5916,0.0000,4,vocals,0.2428
166.8354,0.0000,1,drums,0.6389
166.9283,0.0000,2,vocals,0.3557
167.0444,0.0000,1,vocals,0.1884
167.2882,0.0000,3,drums,1.2845
167.3810,0.0000,2,vocals,0.1457
167.4739,0.0000,3,vocals,0.1072
167.5436,0.0000,0,drums,0.2206
167.6829,0.0000,2,drums,0.0214
167.7526,0.0000,4,vocals,1.4128
167.9267,0.0000,1,drums,0.0322
167.9964,0.0000,0,vocals,0.3172
168.1937,0.0000,2,drums,1.0524
168.3447,0.0000,4,vocals,0.3380
168.4376,0.0000,0,drums,0.0384
168.5885,0.0000,4,vocals,0.9811
168.6698,0.0000,1,drums,0.3113
168.7859,0.0000,2,vocals,0.1644
168.9136,0.0000,1,vocals,0.6340
169.0180,0.0000,2,vocals,0.1429
169.1225,0.0000,1,drums,1.4673
169.2038,0.0000,3,vocals,0.3313
169.3431,0.0000,2,vocals,0.3510
169.4824,0.0000,3,drums,0.1803
169.5985,0.0000,0,vocals,0.3707
169.8075,0.0000,2,drums,0.2480
169.9468,0.0000,4,vocals,0.1983
170.0281,0.0000,1,drums,0.4242
170.1326,0.0000,4,vocals,0.1885
170.2023,0.0000,2,drums,0.0787
170.2835,0.0000,4,vocals,1.0836
170.3996,0.0000,1,vocals,0.2313
170.5157,0.0000,2,vocals,0.4640
170.6783,0.0000,0,drums,0.0522
170.7595,0.0000,3,vocals,0.9015
170.9453,0.0000,4,drums,0.2488
171.0846,0.0000,1,drums,0.0939
171.1543,0.0000,2,vocals,0.3708
171.2472,0.0000,3,drums,0.0313
171.3284,0.0000,0,vocals,0.1212
171.5258,0.0000,2,vocals,0.0980
171.7116,0.0000,4,vocals,0.2888
171.8741,0.0000,0,drums,0.3794
171.9670,0.0000,2,vocals,0.1247
172.1760,0.0000,1,vocals,0.1277
172.5243,0.0000,2,vocals,0.3404
172.6288,0.0000,3,vocals,0.2480
172.7913,0.0000,4,drums,0.4874
172.9074,0.0000,2,vocals,0.1744
173.0003,0.0000,0,vocals,0.1522
173.1048,0.0000,2,vocals,0.1758
173.2093,0.0000,4,vocals,0.1536
173.3950,0.0000,2,vocals,0.4679
173.5343,0.0000,1,vocals,0.1239
173.6272,0.0000,2,vocals,0.1067
173.7201,0.0000,3,vocals,0.4714
173.8478,0.0000,2,vocals,0.2373
174.0452,0.0000,0,vocals,0.1347
174.2774,0.0000,2,vocals,0.2449
174.4863,0.0000,4,drums,0.0263
174.6141,0.0000,0,drums,1.0217
174.7418,0.0000,4,vocals,0.1358
174.8927,0.0000,2,vocals,0.1749
174.9856,0.0000,4,drums,0.0736
175.0901,0.0000,1,vocals,0.4782
175.1946,0.0000,2,vocals,0.1042
175.3339,0.0000,3,vocals,0.4854
175.4616,0.0000,2,vocals,0.1037
175.5312,0.0000,1,drums,2.2117
175.6822,0.0000,3,drums,1.5107
175.7983,0.0000,0,vocals,0.4464
175.9956,0.0000,2,drums,2.0366
176.1698,0.0000,4,drums,1.3202
176.2627,0.0000,2,vocals,0.6024
176.4484,0.0000,4,drums,1.4856
176.5297,0.0000,1,vocals,0.0974
176.6922,0.0000,0,drums,0.3869
176.8083,0.0000,2,vocals,0.3829
176.9244,0.0000,4,drums,0.4090
177.1450,0.0000,1,drums,0.5638
177.2611,0.0000,3,vocals,0.1608
177.3656,0.0000,0,drums,1.2595
177.4353,0.0000,2,vocals,0.1847
177.6094,0.0000,0,drums,0.3837
177.8184,0.0000,4,drums,1.1103
177.9693,0.0000,3,vocals,0.1110
178.0506,0.0000,2,drums,0.5602
178.2712,0.0000,4,vocals,0.5474
178.5150,0.0000,0,drums,0.6661
178.6311,0.0000,2,vocals,0.3664
178.7356,0.0000,4,drums,2.0471
178.9794,0.0000,2,vocals,0.6510
179.1652,0.0000,1,drums,0.7826
179.3393,0.0000,4,vocals,0.2067
179.4438,0.0000,3,drums,0.3845
179.5135,0.0000,2,vocals,0.1497
179.6528,0.0000,1,vocals,0.7300
179.8037,0.0000,2,vocals,0.1233
179.8966,0.0000,0,drums,1.3099
180.1172,0.0000,4,drums,1.5983
180.2217,0.0000,3,vocals,0.1191
180.3494,0.0000,2,drums,0.4598
180.5932,0.0000,0,drums,0.3306
180.8022,0.0000,4,drums,0.9843
180.9995,0.0000,1,drums,0.7928
181.1621,0.0000,3,drums,0.0635
181.2666,0.0000,0,drums,0.2219
181.4872,0.0000,4,drums,1.3395
181.5917,0.0000,2,drums,0.0180
181.7194,0.0000,0,drums,0.7595
181.8355,0.0000,4,drums,0.2861
181.9516,0.0000,1,drums,0.5822
182.0793,0.0000,3,drums,0.0366
182.1838,0.0000,2,vocals,1.0755
182.4044,0.0000,0,vocals,1.4780
182.6366,0.0000,2,vocals,0.6374
182.8571,0.0000,4,vocals,1.1465
182.9732,0.0000,0,drums,0.0380
183.1474,0.0000,2,vocals,0.4829
183.2867,0.0000,4,drums,0.0536
183.5305,0.0000,2,drums,0.3876
183.6234,0.0000,1,vocals,0.3151
183.7743,0.0000,0,drums,1.6440
183.8904,0.0000,4,drums,0.0179
184.0181,0.0000,1,drums,0.6873
184.1459,0.0000,2,vocals,0.4180
184.2503,0.0000,3,vocals,0.7149
184.4825,0.0000,2,vocals,0.6093
184.6683,0.0000,3,drums,0.8941
184.7496,0.0000,0,vocals,0.1484
184.8657,0.0000,2,vocals,0.1634
184.9702,0.0000,4,vocals,0.2226
185.1443,0.0000,0,drums,1.2082
185.3881,0.0000,2,vocals,0.3389
185.5739,0.0000,1,vocals,0.6231
185.6551,0.0000,4,drums,0.2250
185.8525,0.0000,2,drums,0.7514
185.9686,0.0000,4,vocals,0.6300
186.0615,0.0000,0,drums,1.7672
186.3053,0.0000,4,drums,0.5734
186.4911,0.0000,3,vocals,0.7506
186.6652,0.0000,1,drums,0.0259
186.7813,0.0000,3,drums,0.3229
186.9787,0.0000,0,drums,1.0751
187.2225,0.0000,4,drums,0.5507
187.3386,0.0000,2,drums,0.5708
187.4431,0.0000,0,drums,1.0659
187.5708,0.0000,2,vocals,0.2230
187.6753,0.0000,4,drums,0.5370
187.8146,0.0000,1,drums,0.0471
187.9191,0.0000,0,vocals,0.4477
188.1513,0.0000,2,vocals,1.1563
188.3254,0.0000,3,drums,0.7179
188.4648,0.0000,0,drums,0.0429
188.5925,0.0000,4,drums,0.3984
188.6854,0.0000,1,vocals,0.3393
188.8131,0.0000,2,drums,1.8690
188.9408,0.0000,4,vocals,0.1082
189.0569,0.0000,0,drums,0.8219
189.1730,0.0000,4,drums,0.3309
189.2891,0.0000,1,drums,0.5991
189.5097,0.0000,3,drums,1.1761
189.7302,0.0000,0,drums,2.0328
189.8231,0.0000,1,vocals,0.2093
189.9624,0.0000,4,drums,0.7961
190.1714,0.0000,2,vocals,0.7992
190.2875,0.0000,3,vocals,0.3768
190.4617,0.0000,2,vocals,0.2812
190.6590,0.0000,4,drums,1.2707
190.8332,0.0000,0,drums,0.1205
190.9029,0.0000,2,vocals,0.5379
190.9957,0.0000,4,drums,0.5460
191.1002,0.0000,1,drums,1.0394
191.2279,0.0000,2,vocals,0.1245
191.3440,0.0000,3,drums,0.6535
191.4253,0.0000,4,vocals,0.1927
191.5646,0.0000,0,drums,0.4825
191.6691,0.0000,4,drums,0.0393
191.7968,0.0000,2,drums,0.6251
192.0174,0.0000,0,drums,0.8738
192.0871,0.0000,2,vocals,0.1427
192.2612,0.0000,4,drums,0.4038
192.4818,0.0000,1,drums,1.6935
192.5631,0.0000,3,vocals,0.4827
192.7140,0.0000,0,drums,0.5630
192.8069,0.0000,2,vocals,0.2080
192.9230,0.0000,0,drums,0.9307
192.9927,0.0000,3,vocals,0.3462
193.1784,0.0000,4,drums,0.4809
193.3990,0.0000,2,drums,1.6641
193.5732,0.0000,4,vocals,0.1994
193.6428,0.0000,0,drums,0.3189
193.7357,0.0000,2,vocals,0.0891
193.8170,0.0000,4,drums,0.6248
194.1072,0.0000,2,vocals,0.5317
194.3162,0.0000,1,drums,1.4928
194.4207,0.0000,4,vocals,0.1969
194.5484,0.0000,3,drums,1.0627
194.7690,0.0000,0,drums,0.9636
194.9315,0.0000,2,vocals,0.1423
195.0012,0.0000,4,drums,0.4367
195.1521,0.0000,1,vocals,0.1894
195.2682,0.0000,2,vocals,0.6698
195.4656,0.0000,4,drums,0.9087
195.6049,0.0000,3,vocals,0.1936
195.6862,0.0000,0,drums,0.8174
195.9300,0.0000,2,vocals,0.7374
196.1390,0.0000,4,drums,1.2043
196.2783,0.0000,0,vocals,0.2324
196.3828,0.0000,1,drums,0.8772
196.4989,0.0000,2,vocals,0.7759
196.5917,0.0000,3,drums,0.8377
196.7195,0.0000,0,drums,0.1071
196.8356,0.0000,4,drums,1.1089
197.0561,0.0000,2,drums,2.0776
197.2071,0.0000,0,drums,0.0709
197.2767,0.0000,4,vocals,0.9858
197.4161,0.0000,2,vocals,0.1193
197.4857,0.0000,4,drums,0.8873
197.7527,0.0000,1,vocals,0.4716
197.8921,0.0000,2,vocals,0.4075
198.0082,0.0000,3,vocals,0.3185
198.2055,0.0000,2,vocals,1.1393
198.3216,0.0000,1,drums,0.2046
198.4377,0.0000,3,drums,1.2456
198.5306,0.0000,0,vocals,0.2085
198.6699,0.0000,2,drums,0.5936
198.7744,0.0000,4,drums,0.0519
198.9021,0.0000,2,drums,0.8008
198.9950,0.0000,4,vocals,0.2150
199.1343,0.0000,0,drums,0.6081
199.3201,0.0000,4,drums,0.9955
199.5871,0.0000,1,drums,0.5213
199.8077,0.0000,3,drums,1.9529
199.9122,0.0000,0,drums,0.0768
200.0515,0.0000,4,vocals,0.4579
200.2721,0.0000,1,drums,0.7638
200.5043,0.0000,2,drums,0.8278
200.7249,0.0000,0,drums,1.9795
200.8526,0.0000,4,drums,0.0576
200.9223,0.0000,2,vocals,0.7932
201.1429,0.0000,1,drums,0.6260
201.2938,0.0000,3,vocals,0.0974
201.4215,0.0000,0,drums,0.4742
201.5144,0.0000,2,vocals,0.3854
201.6421,0.0000,0,drums,1.3894
201.8859,0.0000,3,vocals,0.8263
201.9904,0.0000,4,drums,0.6903
202.0949,0.0000,2,drums,0.9332
202.3387,0.0000,0,drums,0.5135
202.6173,0.0000,2,vocals,0.3545
202.7915,0.0000,4,drums,0.6327
202.9076,0.0000,0,vocals,0.1187
202.9772,0.0000,1,drums,0.7544
203.2559,0.0000,3,drums,0.3688
203.4765,0.0000,0,drums,1.3911
203.5926,0.0000,2,vocals,0.1727
203.7087,0.0000,4,drums,0.7906
203.9060,0.0000,1,vocals,0.4746
204.1615,0.0000,2,vocals,0.5043
204.2776,0.0000,1,vocals,0.0979
204.3820,0.0000,2,drums,1.7622
204.6259,0.0000,0,drums,0.5323
204.7187,0.0000,2,vocals,0.1611
204.8116,0.0000,4,drums,1.0265
204.9858,0.0000,1,drums,0.0344
205.1135,0.0000,3,vocals,0.3887
205.2760,0.0000,2,vocals,0.3473
205.4850,0.0000,0,vocals,0.2756
205.5779,0.0000,2,vocals,0.3394
205.7520,0.0000,3,drums,0.1425
205.8565,0.0000,4,vocals,0.1861
206.1119,0.0000,2,vocals,0.2174
206.4486,0.0000,4,music,2.8351
206.9014,0.0000,3,music,2.8456
207.1568,0.0000,1,vocals,0.8893
207.2613,0.0000,2,vocals,0.1147
207.4006,0.0000,3,vocals,0.1060
207.5980,0.0000,2,vocals,0.2118
207.9695,0.0000,0,drums,0.0294
208.2830,0.0000,1,music,6.1625
208.7474,0.0000,4,drums,0.0179
208.9912,0.0000,0,vocals,0.8405
209.1073,0.0000,2,vocals,0.0980
209.2698,0.0000,4,vocals,0.1804
209.4672,0.0000,2,vocals,0.1215
209.7691,0.0000,4,music,4.3874
210.1174,0.0000,0,music,3.5896
210.4076,0.0000,1,vocals,0.1885
210.5353,0.0000,2,vocals,0.1094
210.7211,0.0000,3,vocals,0.3270
210.8256,0.0000,2,vocals,0.9706
211.0462,0.0000,0,vocals,0.2348
211.1623,0.0000,2,vocals,0.6830
211.2900,0.0000,4,vocals,0.2818
211.3829,0.0000,2,vocals,0.1100
211.4757,0.0000,1,vocals,0.6598
211.7195,0.0000,2,vocals,0.7340
211.8473,0.0000,3,vocals,0.0958
211.9634,0.0000,2,vocals,0.2501
212.1839,0.0000,0,vocals,0.9351
212.3349,0.0000,2,vocals,0.1056
212.4510,0.0000,4,vocals,0.5450
212.5439,0.0000,2,vocals,0.3107
212.6716,0.0000,1,vocals,0.1672
212.7877,0.0000,2,vocals,0.2363
212.8805,0.0000,4,drums,0.0199
213.0199,0.0000,3,vocals,0.4558
213.2753,0.0000,2,vocals,0.2252
